{
  "slope": 4.569578260069905,
  "intercept": 1.178249562896802
}