{
  "slope": 4.656324260472634,
  "intercept": 1.3251416619983782
}